scheduler,sequential,random
13.770458936691284,15.082034349441528,13.311443567276001
15.489379405975342,19.9646475315094,19.996845483779907
18.144039154052734,23.996394395828247,24.026626586914062
19.701839923858643,16.19676160812378,15.649670362472534
16.816067695617676,21.21191382408142,16.13391637802124
15.046850681304932,16.55509042739868,15.36120867729187
18.418259143829346,16.008726835250854,12.998244762420654
19.543115854263306,16.31287932395935,17.793687105178833
20.38790535926819,20.465247631072998,15.022233486175537
23.689930200576782,24.444236993789673,24.57072353363037
16.151556253433228,19.264004707336426,17.85217523574829
18.638316869735718,15.779185771942139,16.21403169631958
10.151262998580933,15.731302976608276,10.838008165359497
18.90110421180725,19.010646104812622,16.986006498336792
16.895694971084595,18.022480249404907,17.070831537246704
22.821034908294678,23.01747703552246,17.98427653312683
15.45596981048584,14.159056901931763,15.600148677825928
21.08972930908203,21.257790327072144,20.59145212173462
20.63162589073181,21.269365072250366,21.639426708221436
21.42444348335266,20.200908422470093,21.797780513763428
23.06322979927063,23.034449577331543,22.699697017669678
20.905436754226685,22.199636220932007,18.145052671432495
23.620171308517456,23.924289226531982,24.221221208572388
16.12187957763672,16.222732067108154,22.607675790786743
21.03895902633667,21.733190059661865,20.72147250175476
22.419527530670166,16.2822744846344,22.081117868423462
23.003812789916992,23.466290950775146,21.934319019317627
19.68472194671631,25.847310066223145,25.10950016975403
21.510493755340576,16.147356510162354,17.00482726097107
23.880839824676514,19.029831886291504,19.93473982810974
13.31281065940857,19.08841872215271,19.037859439849854
15.175056219100952,15.250388145446777,15.72357702255249
22.69277572631836,22.909488439559937,23.012856006622314
23.27004098892212,22.763078451156616,23.90816378593445
15.849011898040771,21.019564390182495,20.9205105304718
21.750401258468628,21.35105848312378,21.656773805618286
26.94067621231079,28.44173526763916,27.131638050079346
15.092901945114136,17.98072600364685,17.889009714126587
22.563979148864746,22.40567183494568,23.60556650161743
20.072782516479492,19.248135805130005,23.740736961364746
15.878911256790161,15.481612920761108,15.532594919204712
21.723246574401855,23.216820240020752,22.784469842910767
16.74084234237671,22.083991050720215,21.770791053771973
23.023380279541016,20.721560955047607,19.799521684646606
24.36026620864868,22.894267797470093,23.00060534477234
16.965752601623535,12.003065347671509,12.388894081115723
19.550238609313965,19.547664880752563,19.915841817855835
20.521246194839478,20.28766679763794,20.693561553955078
20.647863626480103,20.186643600463867,15.049708843231201
16.855547189712524,16.946079969406128,14.82520866394043
17.956820964813232,17.117371320724487,17.946081161499023
20.433563709259033,17.78901481628418,17.45713448524475
20.735685348510742,20.581141233444214,20.42175841331482
24.117685317993164,24.162806034088135,23.83433747291565
19.629448890686035,21.99192452430725,21.999176740646362
21.325517177581787,21.54141616821289,21.99623727798462
20.91077709197998,21.00301432609558,20.999211072921753
16.08640480041504,21.87001943588257,21.28298568725586
21.179410457611084,21.014815092086792,20.48487401008606
21.916335344314575,17.37158226966858,21.60307478904724
18.865433931350708,17.788007736206055,18.806468725204468
22.0798921585083,21.175657510757446,16.030868530273438
20.938727855682373,20.687766075134277,20.746776580810547
15.063178300857544,15.569845914840698,12.11786675453186
24.057013511657715,24.963985681533813,24.77156972885132
16.26245141029358,19.80721426010132,19.99656319618225
15.1830894947052,16.649182319641113,13.998735904693604
12.302815198898315,17.057414293289185,17.03890085220337
20.06164050102234,17.915462017059326,17.87973976135254
19.08355450630188,19.677987098693848,19.25868272781372
22.351428747177124,25.01544189453125,24.971302032470703
18.218058347702026,19.60241985321045,19.606417417526245
26.107272148132324,26.163635969161987,25.695128679275513
15.013204574584961,15.344386100769043,14.847813844680786
24.30886173248291,24.304057836532593,23.824084997177124
20.77605700492859,21.897053241729736,21.98365807533264
22.52039408683777,22.9992618560791,23.342264890670776
17.103546619415283,17.80246877670288,18.568743228912354
22.465765476226807,22.726378679275513,22.988260984420776
20.34781837463379,20.24770426750183,20.659185886383057
23.382784128189087,23.342759609222412,22.65667414665222
18.693454265594482,21.183019399642944,19.000369787216187
21.093019723892212,17.079150676727295,18.06868863105774
14.553783655166626,14.966424465179443,20.460683822631836
21.006770849227905,20.1518497467041,20.7253315448761
20.30210304260254,18.238760471343994,20.77801752090454
20.559882164001465,20.36014676094055,20.949241161346436
20.414309978485107,19.999967575073242,21.659363746643066
20.544066905975342,20.623425245285034,20.137147188186646
18.54450798034668,16.01521873474121,18.0257511138916
19.402389764785767,15.007287502288818,15.96587324142456
13.893517255783081,10.18372893333435,15.893585205078125
21.05725884437561,21.014142274856567,20.97621250152588
22.04268503189087,18.008177518844604,21.001893758773804
21.065739393234253,20.990911960601807,20.706790685653687
18.334702014923096,17.89042639732361,19.76738405227661
13.97851300239563,14.995239496231079,15.61827564239502
21.237177848815918,21.01548433303833,17.00643491744995
20.093323945999146,20.83130693435669,18.173045873641968
21.7221097946167,19.025057077407837,22.568106174468994
16.248241424560547,19.85825514793396,19.90338158607483
18.7403564453125,24.079973459243774,23.86226224899292
16.073859453201294,19.281949281692505,17.281158447265625
21.627598524093628,21.587422609329224,22.067657709121704
19.933741092681885,19.442047357559204,19.993372201919556
21.57866668701172,22.008745908737183,19.289843320846558
17.635504722595215,13.163188219070435,17.552905797958374
13.119454622268677,13.246622323989868,9.614762783050537
20.69608426094055,16.935014247894287,20.71506667137146
22.001859188079834,18.814198970794678,16.768550157546997
20.757503747940063,18.18585515022278,20.773919105529785
21.043593645095825,22.458712816238403,21.99382495880127
21.5341899394989,19.003838539123535,18.696922779083252
18.10002613067627,17.98809790611267,17.404046058654785
18.019248962402344,17.03210473060608,16.55338215827942
23.078253269195557,23.636910438537598,19.999933004379272
14.72499132156372,22.02803874015808,20.951032161712646
9.492352485656738,8.99930214881897,12.793079137802124
14.441457986831665,19.70155644416809,16.00092339515686
16.368664026260376,21.23409628868103,20.98276114463806
19.954599857330322,19.963501453399658,15.590832471847534
23.892940998077393,20.000086069107056,21.94329524040222
22.04554319381714,21.9471538066864,21.402135133743286
19.56889820098877,19.639816284179688,19.91442036628723
20.606008052825928,16.024913549423218,20.888752460479736
25.123475074768066,25.999915599822998,26.33580708503723
14.275683164596558,9.506791830062866,14.830635070800781
18.63860321044922,18.55720615386963,18.412320613861084
23.626665830612183,23.271572589874268,23.721145391464233
22.74489140510559,23.541158199310303,22.00901699066162
14.21835470199585,14.057169675827026,19.979692459106445
19.88920831680298,20.071042776107788,20.06633234024048
14.798237323760986,17.519556283950806,16.999391555786133
15.998892068862915,15.424787998199463,16.645602703094482
22.586969137191772,18.063436269760132,17.709009170532227
15.658540964126587,17.999420642852783,15.575836420059204
15.390924453735352,21.790997982025146,21.083442211151123
23.257673501968384,22.930055379867554,22.899253368377686
20.476097583770752,20.927027225494385,21.16769003868103
20.390812635421753,21.711828231811523,21.36275887489319
20.864261150360107,20.302050828933716,20.753559827804565
23.736661195755005,23.814576387405396,23.679656744003296
20.852222442626953,20.227948904037476,20.78517985343933
20.636372327804565,21.26236891746521,21.57019352912903
18.333436489105225,21.74191427230835,21.56974506378174
9.452762603759766,10.378005504608154,10.537785530090332
21.851996183395386,21.648266792297363,21.41830563545227
15.463064193725586,15.404065608978271,11.836610317230225
14.288897037506104,15.732796430587769,16.300094842910767
14.113720178604126,13.527461290359497,12.166037797927856
21.83922553062439,21.999979972839355,21.390194177627563
21.774999856948853,21.24547553062439,21.77343440055847
14.957679986953735,20.59394335746765,19.455810546875
19.76110291481018,19.721614599227905,19.93446135520935
21.502407789230347,22.00843596458435,21.42269539833069
21.88590407371521,22.65406084060669,22.32942795753479
21.553462266921997,16.23992156982422,21.716915607452393
14.955729961395264,15.225296258926392,12.054509401321411
20.575031042099,20.953345775604248,21.000110149383545
24.12860941886902,25.011471271514893,24.415579319000244
24.03079319000244,25.58487033843994,25.065922737121582
15.018959522247314,15.368500232696533,15.724539041519165
20.136322021484375,19.437761306762695,20.88024353981018
20.729235410690308,15.143894672393799,16.05922245979309
18.810389757156372,15.896668195724487,19.030222415924072
24.475691556930542,23.906302213668823,23.327049493789673
11.74795150756836,11.209609746932983,11.419421672821045
10.336122274398804,12.446001768112183,10.366421222686768
14.049487113952637,13.625970840454102,7.697570562362671
19.758174180984497,19.325803518295288,18.468247175216675
21.11027503013611,17.150813102722168,20.833466291427612
14.721988916397095,17.190741539001465,14.122098684310913
15.385404825210571,16.162819385528564,15.91728663444519
24.11226224899292,23.98228096961975,24.00907802581787
16.16236448287964,16.783350229263306,13.997425317764282
15.665383100509644,17.119078397750854,17.749846935272217
15.720101594924927,16.95349931716919,16.046035766601562
15.930150270462036,20.923457622528076,16.121848583221436
25.542409658432007,25.01151394844055,24.971978664398193
15.401838541030884,16.018617391586304,18.903070211410522
22.644619464874268,22.34990906715393,22.054879426956177
18.674371004104614,19.30298686027527,23.959434747695923
19.45626473426819,19.107377290725708,19.07557249069214
24.311472177505493,22.998270988464355,23.345702648162842
21.398471117019653,21.53032159805298,20.82722282409668
20.74462127685547,21.9304838180542,21.262235641479492
20.014649152755737,15.990293264389038,16.999822854995728
15.45867371559143,15.108582019805908,10.114789009094238
14.00290846824646,12.87717080116272,14.003676891326904
23.25142002105713,22.834648370742798,23.41362166404724
16.72758913040161,15.341085433959961,15.063610553741455
22.335639715194702,22.014249563217163,22.50355052947998
15.58900260925293,12.895430088043213,16.97363805770874
20.582786321640015,15.024921178817749,20.335920810699463
18.027893781661987,24.00391960144043,24.277552843093872
15.076427221298218,20.347890853881836,15.165028810501099
21.74673867225647,17.810991764068604,21.05153512954712
21.480003118515015,21.883247137069702,21.06195306777954
23.1090726852417,23.43975329399109,23.60797905921936
19.989082098007202,14.902261018753052,20.64427423477173
16.072993516921997,15.99004316329956,19.85568380355835
19.43846321105957,19.60659956932068,19.0741868019104
20.693480491638184,17.99798274040222,19.998981475830078
21.855520725250244,20.71521496772766,21.738377571105957
22.61281704902649,23.21217679977417,22.380831480026245
20.937689065933228,20.205045461654663,21.122689247131348
17.147778272628784,21.616838932037354,21.44541311264038
21.526729822158813,17.425522565841675,18.854000329971313
24.303131818771362,23.691420793533325,24.22903847694397
21.217262506484985,21.059778690338135,21.03970956802368
18.860642433166504,13.172284841537476,14.226991653442383
20.42051935195923,16.908046007156372,16.812347173690796
15.89052414894104,14.18612265586853,14.858999490737915
23.640506267547607,25.189616918563843,21.55160689353943
22.374118328094482,22.99862241744995,22.423096656799316
22.11060118675232,22.589900493621826,22.997965097427368
15.396013736724854,15.239360809326172,14.603674173355103
13.665196895599365,11.997011661529541,13.670745134353638
22.94865584373474,23.027779817581177,22.256442070007324
19.530117511749268,17.566091299057007,17.041103839874268
21.078064680099487,22.98258948326111,22.001681804656982
15.768870115280151,16.801110982894897,17.292176961898804
24.406087398529053,23.56895089149475,24.378304481506348
17.15165638923645,21.931320667266846,22.763022422790527
15.63243317604065,16.03190541267395,19.725733757019043
15.864108800888062,14.09727668762207,14.27204442024231
21.699854612350464,21.66845726966858,17.404744625091553
21.084625005722046,20.31480622291565,21.301196336746216
16.423739910125732,16.925864458084106,16.516025066375732
22.201824426651,23.26237678527832,22.81155014038086
17.794169902801514,18.926387786865234,18.791351318359375
21.669615983963013,21.999133348464966,22.00016975402832
15.850534200668335,15.763132333755493,15.989996671676636
24.27064061164856,23.54461908340454,23.838377952575684
21.526119709014893,21.652133226394653,21.31854820251465
19.802917957305908,20.000410318374634,15.430306673049927
20.865084171295166,20.92936420440674,20.27326011657715
22.136603116989136,21.438475370407104,17.542783498764038
21.845818042755127,21.959598302841187,16.398178339004517
16.84517216682434,22.61950969696045,18.571866989135742
16.7773540019989,22.672567129135132,17.380281448364258
20.080998420715332,21.017013549804688,17.033047199249268
17.113916397094727,18.001306533813477,18.00021266937256
23.364309072494507,23.991591691970825,23.011531114578247
15.327811479568481,15.41379714012146,15.069376230239868
20.74528932571411,21.043895721435547,17.613645553588867
12.471004247665405,11.853127002716064,13.197258234024048
11.999814748764038,11.660354614257812,11.869991779327393
17.638592958450317,15.975877523422241,15.076774835586548
16.503904581069946,16.213308095932007,16.78186345100403
24.296355962753296,23.998690843582153,24.29632806777954
20.744269132614136,16.12879180908203,16.87468671798706
15.831592559814453,14.595006704330444,14.363993883132935
18.34484028816223,18.565723657608032,22.77300763130188
20.96206498146057,21.090734720230103,16.22167730331421
21.196577548980713,21.733994245529175,21.85242748260498
18.20973515510559,21.922638416290283,21.86372137069702
16.57056999206543,16.32261323928833,20.029242277145386
19.110957384109497,19.42493987083435,22.573875427246094
22.617692470550537,22.599143981933594,22.96844244003296
19.452295303344727,19.838147163391113,20.00131130218506
21.878089904785156,22.09043288230896,22.162580013275146
14.695252895355225,18.218761444091797,14.19866156578064
20.51945471763611,20.327803134918213,20.564713716506958
22.944863080978394,22.29598641395569,16.995139598846436
16.51406693458557,16.4004328250885,20.3021297454834
24.941372871398926,25.741787672042847,21.911243200302124
21.481614112854004,22.024654150009155,21.71880292892456
21.424858570098877,21.25960922241211,21.934795379638672
21.241450786590576,20.028151750564575,14.92790174484253
13.07148289680481,14.607621431350708,14.342627048492432
20.082974910736084,20.961575746536255,20.07636523246765
23.210840463638306,23.022776126861572,18.66579246520996
19.978458881378174,22.8060302734375,20.172950506210327
21.01827883720398,21.019631147384644,20.97511386871338
14.192559242248535,14.566658735275269,8.343437194824219
15.179162502288818,20.257843732833862,15.278495073318481
19.090611219406128,14.895998477935791,19.42137098312378
14.721222162246704,12.054649829864502,17.263145208358765
21.872026205062866,22.00147581100464,22.353808641433716
17.0582218170166,21.01620125770569,17.183053255081177
19.068369388580322,14.174469947814941,19.152341604232788
18.383507251739502,18.000049591064453,20.429100036621094
18.719072580337524,16.283345222473145,12.984487295150757
19.417325258255005,14.526315450668335,14.888536930084229
25.372880697250366,24.86334466934204,24.372126579284668
20.578458786010742,21.553616523742676,21.05395817756653
23.462682247161865,23.946282148361206,24.02467131614685
20.943599224090576,20.548279762268066,20.75286293029785
20.165222883224487,20.878471612930298,15.967865943908691
20.927934646606445,19.168474674224854,20.851009368896484
21.06239080429077,20.99288511276245,16.331830739974976
10.898183107376099,12.036461353302002,11.533988237380981
19.443833827972412,18.30997109413147,19.560331106185913
21.524435997009277,21.00151228904724,21.01866602897644
20.926115036010742,21.999629259109497,22.00702452659607
21.218769788742065,21.319803476333618,20.95917773246765
20.568193197250366,20.815425395965576,20.80185866355896
22.495408296585083,22.46242904663086,22.30228352546692
20.66043996810913,20.925939321517944,15.959101438522339
21.599570512771606,18.261688232421875,21.14571499824524
14.069859504699707,11.746214628219604,13.298547983169556
20.631396532058716,20.99927830696106,20.45660424232483
21.144506216049194,16.439964532852173,17.03759503364563
17.840238094329834,12.248241186141968,12.571189403533936
15.624842166900635,14.856334924697876,15.814447402954102
14.603998184204102,14.903690338134766,11.10798978805542
22.16165590286255,23.698047637939453,22.460458517074585
19.54036045074463,17.63553547859192,20.53936791419983
24.346261978149414,24.000065088272095,22.999401330947876
20.635329246520996,20.636337280273438,19.918747186660767
20.587058305740356,21.01853108406067,21.056628465652466
15.88336992263794,15.278104782104492,15.719505786895752
20.701014518737793,19.243769884109497,18.77955985069275
22.056535720825195,21.82237148284912,22.045464515686035
21.421938180923462,22.592262744903564,21.99288010597229
18.536749839782715,18.08087706565857,18.57193350791931
23.06541132926941,23.601047039031982,24.282830476760864
19.322744607925415,21.99981141090393,20.979438543319702
21.900937795639038,22.106201648712158,21.876978635787964
20.56414246559143,20.8273663520813,21.183202028274536
20.90383744239807,21.437360525131226,20.719367265701294
21.951401233673096,23.86983036994934,22.116289615631104
19.562320947647095,19.56893539428711,19.460142374038696
21.45898127555847,21.28635597229004,21.134417295455933
20.764105319976807,21.26590847969055,21.11103630065918
20.969287633895874,15.526413679122925,16.533892393112183
21.018359422683716,22.025541067123413,17.22650146484375
20.47274136543274,21.61934733390808,21.089484453201294
6.236787796020508,7.164064407348633,7.0014142990112305
23.12242817878723,23.60619020462036,22.692503929138184
18.442464113235474,15.05121397972107,14.996423959732056
21.036980628967285,20.622731685638428,15.978418111801147
13.205321073532104,19.16667079925537,17.77776861190796
20.02177357673645,21.576552152633667,20.991408824920654
22.50410795211792,23.98526954650879,23.522887229919434
21.098868131637573,20.399741172790527,20.84505343437195
19.91977047920227,19.276647329330444,18.717589139938354
7.683164834976196,7.286353826522827,7.66108250617981
19.63189148902893,16.01467490196228,19.293646812438965
19.285128831863403,19.45364999771118,20.084907054901123
19.742894887924194,19.991321325302124,20.026566982269287
22.007816791534424,17.68207836151123,17.629480361938477
21.07914662361145,21.000125408172607,21.325966596603394
7.634425163269043,8.709274053573608,7.9717116355896
14.672587394714355,13.077651977539062,12.375324487686157
21.37162709236145,17.295223236083984,21.442129611968994
21.819506645202637,21.645129919052124,21.2644944190979
18.414957761764526,23.13021945953369,18.041914701461792
17.798412799835205,18.02504062652588,14.655720472335815
23.908984899520874,24.541935920715332,24.977869749069214
19.791587829589844,18.00015163421631,18.0102596282959
23.78841781616211,21.601789474487305,24.007072687149048
24.257712364196777,24.889031648635864,25.126262426376343
19.669506549835205,20.002572774887085,19.996838569641113
19.68807816505432,15.134897708892822,19.8647620677948
13.007425546646118,12.986557960510254,13.319529056549072
20.98676037788391,18.99978256225586,21.024715662002563
21.333531618118286,22.297789096832275,22.02915382385254
20.553118228912354,21.576846837997437,20.975902795791626
22.161247968673706,16.99896240234375,21.821443557739258
20.726983547210693,16.87449026107788,21.763856649398804
15.900503396987915,16.99768853187561,19.97904109954834
17.85092806816101,15.925848960876465,15.72069239616394
18.862722873687744,13.003727674484253,18.187162160873413
18.047909021377563,12.9222731590271,18.04359769821167
18.320719957351685,18.319339275360107,17.988961696624756
20.328590154647827,20.05507469177246,20.658477544784546
22.48315954208374,21.38525104522705,21.64832067489624
20.05668020248413,17.984781503677368,18.0794038772583
20.82245397567749,20.246899366378784,20.113539457321167
15.264463901519775,12.895039558410645,12.257891416549683
20.44568419456482,20.046427249908447,19.938706159591675
21.837069749832153,21.583277463912964,20.418739318847656
17.388394117355347,20.260066986083984,16.87098503112793
21.03658890724182,21.039759635925293,20.665252208709717
20.62341809272766,20.889793395996094,21.802362203598022
14.669988870620728,11.137047052383423,16.03281593322754
15.849591493606567,15.00911021232605,17.23373770713806
15.298107624053955,15.000919342041016,15.19753885269165
15.18001389503479,15.008501052856445,10.139282703399658
23.509402751922607,22.997102975845337,21.9032883644104
15.568686723709106,16.763505697250366,14.813021421432495
22.806861639022827,23.759301900863647,22.92235565185547
24.588554620742798,25.299566507339478,24.928757905960083
20.340214729309082,20.019001960754395,20.45422863960266
22.439127206802368,22.423184394836426,22.574422359466553
21.407899856567383,16.017826557159424,16.79869246482849
21.300944089889526,22.019330501556396,15.249783754348755
19.818296909332275,19.74912977218628,20.113823890686035
19.278257131576538,21.931164264678955,20.94312357902527
20.579630374908447,15.31853985786438,15.594558000564575
23.844483137130737,24.166861057281494,23.839362621307373
20.106189250946045,19.999401569366455,19.317753076553345
20.88664412498474,20.68490171432495,17.46220374107361
19.933605194091797,19.794674396514893,19.028886079788208
16.08776354789734,19.66636872291565,16.329310655593872
14.109018325805664,14.000123739242554,13.984474658966064
15.86466908454895,15.771379947662354,16.027164697647095
15.557937622070312,10.18247365951538,10.354828834533691
21.701928853988647,21.315988540649414,16.6888427734375
19.61159610748291,19.95572066307068,16.01392388343811
20.599169492721558,16.172136306762695,20.794378995895386
21.197949647903442,21.243956804275513,22.372698307037354
18.23721480369568,22.924344539642334,18.00830364227295
23.483537197113037,23.811885118484497,23.12700057029724
20.70578360557556,21.399392127990723,20.654212951660156
17.182364463806152,17.13090443611145,17.723239421844482
18.864805459976196,17.998706102371216,19.270979642868042
20.63541030883789,20.158625602722168,20.923523664474487
14.038646936416626,19.40215516090393,15.956225395202637
20.626456260681152,15.023588180541992,14.79078984260559
14.170916557312012,13.993665218353271,13.972105503082275
20.983180046081543,21.716776371002197,20.95820903778076
23.705920696258545,20.429343938827515,24.63314437866211
19.46665096282959,13.184945583343506,18.93238139152527
21.571435928344727,20.992320775985718,21.481030225753784
23.69212055206299,24.314889430999756,23.90350651741028
22.059758186340332,22.42794442176819,22.95620632171631
16.90103769302368,15.950732231140137,16.83565902709961
25.366194248199463,24.350248336791992,22.75122308731079
15.938114643096924,15.977492094039917,19.444589376449585
21.518172025680542,21.675466060638428,23.159656763076782
19.366108655929565,15.864710330963135,19.15427875518799
22.713624238967896,22.739121675491333,19.531848907470703
19.82636833190918,15.036411762237549,14.284785985946655
17.522956609725952,16.571890354156494,17.187305450439453
14.17095398902893,14.05105471611023,14.750736236572266
20.85936951637268,20.00085759162903,19.999022245407104
22.64920139312744,22.195913076400757,17.816377878189087
24.222938060760498,23.997764110565186,23.432084321975708
20.576950550079346,21.60105061531067,20.994770288467407
15.677646160125732,16.711272478103638,16.233033895492554
23.852304458618164,23.910961627960205,18.09656023979187
15.592038869857788,19.948084592819214,17.41438889503479
15.044860363006592,14.805792331695557,14.545308351516724
16.21391224861145,17.556040287017822,18.16563391685486
20.821203470230103,21.59307837486267,20.410329580307007
15.78899335861206,17.49042510986328,16.322134256362915
19.88672947883606,16.05834650993347,19.36000108718872
22.925095558166504,22.703829050064087,22.90333652496338
22.729691982269287,22.376216173171997,22.90418267250061
15.934764385223389,9.998780250549316,10.041480779647827
14.789996862411499,15.13247537612915,20.561107397079468
21.207003593444824,21.581605911254883,21.99669122695923
21.68718671798706,23.000267028808594,23.20244264602661
18.666263818740845,19.01595139503479,19.010612964630127
16.267765283584595,20.428375720977783,20.02510404586792
12.000236749649048,12.972074270248413,11.025882959365845
19.75712013244629,17.70272397994995,19.560023546218872
20.87962245941162,21.022209644317627,21.108479738235474
18.039611101150513,23.828696966171265,21.45750880241394
23.338273525238037,23.204241514205933,22.46767544746399
15.379698753356934,15.401322603225708,14.653162956237793
16.96176505088806,22.644840002059937,23.096890449523926
23.995198011398315,22.998215436935425,22.067287921905518
20.70415449142456,21.081175088882446,21.107672214508057
20.678078413009644,20.590467929840088,20.766220331192017
15.900979042053223,18.217047929763794,16.713665008544922
23.422102689743042,24.623152494430542,24.081003665924072
22.46756410598755,22.91204571723938,22.873313903808594
19.77593493461609,14.79571008682251,14.768024921417236
15.587728261947632,15.150169372558594,10.117659330368042
14.470103740692139,15.769216775894165,15.450331211090088
12.282172679901123,11.374346256256104,11.745917320251465
19.800806283950806,20.26399326324463,20.56329345703125
19.485909938812256,26.61427879333496,26.088542699813843
19.78160810470581,17.334612369537354,13.891993284225464
23.715749740600586,24.000260829925537,23.431638479232788
17.303351879119873,18.611451387405396,22.223388195037842
21.70790982246399,21.414597034454346,21.696640968322754
20.037566423416138,17.391112565994263,18.820507287979126
18.147727251052856,23.00899314880371,22.999748945236206
19.808011531829834,21.90749192237854,21.99856424331665
11.328661441802979,10.337265491485596,11.643187999725342
18.654866218566895,20.080705165863037,19.791443824768066
24.10090923309326,24.1161789894104,24.355838298797607
23.192325115203857,22.99851369857788,21.285577535629272
20.86458468437195,14.78151822090149,15.954396486282349
21.16736102104187,15.74111008644104,16.16422438621521
24.049488067626953,23.25270962715149,23.663753509521484
9.9406156539917,15.06453275680542,15.073218584060669
16.992381811141968,14.838569402694702,20.213020086288452
17.07738995552063,21.860963821411133,21.458680629730225
14.797682762145996,15.969126462936401,14.849997758865356
20.77381134033203,21.00058388710022,20.79568839073181
22.056015014648438,21.772332668304443,21.625982761383057
17.517972469329834,17.934808492660522,15.950523853302002
23.921993017196655,24.014175415039062,23.001060247421265
21.075809955596924,20.658873319625854,21.208887338638306
20.067564725875854,16.93864607810974,20.292481422424316
23.145647048950195,23.82696294784546,23.431227684020996
21.106405019760132,16.151055335998535,21.20583176612854
23.875429391860962,24.65633988380432,24.00015425682068
22.146688222885132,17.728387594223022,17.997431755065918
19.273609161376953,21.099082708358765,21.883103609085083
20.536698579788208,20.355188846588135,20.278778553009033
20.848097801208496,18.172674417495728,20.778701782226562
14.899231672286987,14.071479797363281,12.08895754814148
16.514209747314453,18.770576000213623,23.673094511032104
19.52008295059204,19.59653401374817,19.947485208511353
18.383617401123047,20.8692729473114,17.794685125350952
17.813781023025513,14.89835500717163,18.15127921104431
23.393221378326416,24.932575225830078,22.832391023635864
16.477572441101074,20.223599910736084,20.10770320892334
23.71518635749817,25.574588537216187,27.43345546722412
20.157036781311035,20.15590763092041,20.39649724960327
20.466609716415405,21.027341842651367,20.796135425567627
18.908745765686035,20.632577657699585,19.4315984249115
17.76179027557373,20.758877754211426,17.90469789505005
13.956943273544312,14.015440702438354,14.134904861450195
21.64909338951111,22.779040098190308,22.995594024658203
12.521201133728027,11.575021743774414,12.81282114982605
22.50116539001465,24.134753942489624,23.999927043914795
22.656218767166138,23.207268238067627,23.048601150512695
16.81588125228882,19.374001502990723,19.72267174720764
21.980561017990112,20.560667514801025,20.66209053993225
20.296669960021973,20.388978719711304,20.021514654159546
21.360272884368896,22.798197031021118,22.81717085838318
17.135042428970337,16.769783973693848,17.095265865325928
20.602898120880127,20.267565965652466,20.805605173110962
14.66649055480957,21.53764533996582,15.021475315093994
23.9831440448761,22.743666172027588,22.033584356307983
20.068429231643677,20.056292057037354,13.737453937530518
13.317686080932617,13.886601448059082,10.226819276809692
15.756409406661987,19.290755033493042,19.31828808784485
20.20274019241333,20.728407859802246,19.367714643478394
18.229315042495728,18.160241842269897,20.106454372406006
23.42282199859619,18.055681705474854,17.713959217071533
15.196443557739258,19.263323307037354,15.750410079956055
22.69508957862854,21.741559505462646,23.209104776382446
16.53800106048584,15.406805515289307,21.477771282196045
22.904143571853638,22.688924074172974,23.428348064422607
19.882874965667725,19.647626161575317,18.151437997817993
20.14447593688965,20.309842348098755,20.00174331665039
15.18598747253418,15.022109508514404,16.987107038497925
20.60763669013977,21.003357887268066,20.992952585220337
20.97626829147339,20.773155689239502,21.115490674972534
12.832741498947144,11.324252605438232,13.161534786224365
19.452939987182617,19.336120128631592,19.920422077178955
24.2655131816864,23.98438835144043,24.009508848190308
23.20100998878479,23.004483461380005,24.00238561630249
19.458736896514893,19.99658513069153,19.89921236038208
22.02159357070923,22.486594438552856,22.7782199382782
15.79304838180542,15.378981590270996,14.619042158126831
22.542704820632935,24.880491018295288,18.389079570770264
17.73770785331726,18.91900086402893,16.817556858062744
12.518178224563599,14.405062675476074,13.973509550094604
22.792185068130493,19.989443063735962,16.998688220977783
23.296983003616333,23.223056316375732,22.852519273757935
17.584787607192993,22.0013530254364,17.344144582748413
21.757171630859375,21.42331290245056,22.5951931476593
13.92779541015625,15.744107484817505,15.430640697479248
23.97606348991394,18.02284836769104,17.33556294441223
18.37312889099121,13.880531311035156,18.36909556388855
20.010839700698853,14.58369517326355,15.388550281524658
22.003013372421265,21.448100805282593,20.686023473739624
22.531246662139893,23.841660499572754,23.11320996284485
19.920546293258667,19.999125957489014,14.341100215911865
24.34567904472351,23.981975555419922,24.021984815597534
21.309929609298706,17.320728302001953,17.60315203666687
18.48617386817932,18.031588077545166,18.691118240356445
19.817673683166504,19.999537706375122,20.313344955444336
20.613849401474,16.57526445388794,18.20952582359314
19.58776307106018,19.68840265274048,20.001957654953003
22.67028570175171,23.340301036834717,22.724450826644897
22.091811895370483,21.763283729553223,21.24956512451172
17.896656274795532,16.97956156730652,17.048694133758545
22.401611328125,22.991394758224487,23.153019189834595
21.080430269241333,20.552719831466675,20.63253927230835
23.294862031936646,22.997299432754517,23.00900650024414
20.33363389968872,23.680846214294434,19.96370553970337
21.5302631855011,21.59277844429016,17.426291465759277
20.63143563270569,21.40072989463806,21.145020008087158
14.418797969818115,9.8070547580719,14.57883095741272
19.99542760848999,20.06386423110962,15.127231121063232
16.321406364440918,15.997535705566406,19.16030764579773
16.109769344329834,16.799710273742676,16.27036714553833
20.264935970306396,20.336191177368164,18.116498947143555
22.08183264732361,15.820793151855469,22.187036991119385
10.019163608551025,9.470479488372803,9.187300205230713
18.114115953445435,20.816256284713745,20.001480102539062
19.718446731567383,19.887693643569946,19.820027828216553
18.579182624816895,20.31468105316162,18.693413734436035
21.82925534248352,20.999349355697632,17.230769634246826
21.48780059814453,22.00379776954651,22.560999870300293
17.404916286468506,20.262453079223633,16.38748598098755
19.642562866210938,18.44878578186035,18.672808408737183
20.2542245388031,21.244189739227295,21.7597713470459
20.466919660568237,19.505711555480957,21.715423822402954
18.508516788482666,23.275051832199097,18.277446508407593
23.886836528778076,19.01172137260437,23.29095149040222
21.0489501953125,20.986382484436035,21.065103769302368
18.15577268600464,14.646178007125854,19.878254175186157
24.048206567764282,22.998465538024902,19.001614809036255
21.237743616104126,16.177417993545532,20.841503858566284
15.5985689163208,15.87074589729309,16.212955713272095
16.736527919769287,13.9113290309906,16.872700929641724
20.02739953994751,18.664366245269775,17.525331497192383
22.922595262527466,23.542041778564453,23.91171360015869
17.258002281188965,17.564849853515625,21.001093864440918
19.44709873199463,16.00202202796936,16.262341499328613
17.41754126548767,20.984591245651245,17.861095666885376
15.273016691207886,14.072818279266357,19.911118745803833
18.194443464279175,17.99930763244629,18.389795780181885
19.828335523605347,17.621821880340576,15.2536141872406
21.71137046813965,21.640317678451538,21.374308586120605
11.158787488937378,11.066332578659058,11.13915228843689
20.942814826965332,21.000699043273926,20.429838180541992
17.320663690567017,17.200904846191406,17.71084427833557
22.09072470664978,22.793097019195557,24.319828271865845
15.95690131187439,15.23174524307251,10.60467529296875
23.91884469985962,19.636122226715088,17.064074754714966
19.75028085708618,19.84962821006775,20.22918438911438
19.302265644073486,20.327516078948975,19.645968437194824
19.542919874191284,19.738298416137695,17.371440649032593
20.462185382843018,20.987571477890015,20.93744134902954
20.496466159820557,21.009016036987305,21.011173248291016
20.552321195602417,16.528301000595093,20.45818281173706
19.100427865982056,21.995846271514893,21.447531938552856
23.1131534576416,22.981483936309814,18.917635917663574
21.696685791015625,21.39220905303955,21.607635259628296
22.13231635093689,22.559948682785034,22.25653052330017
16.23802661895752,17.17105007171631,12.824081182479858
14.5057053565979,15.985535860061646,16.661917209625244
21.024988174438477,16.901954889297485,15.745752334594727
14.147801637649536,20.229715824127197,14.950556516647339
15.879020690917969,13.23878002166748,15.749298572540283
23.061434507369995,23.244763374328613,16.765080451965332
17.579159021377563,16.976878881454468,17.31923818588257
16.797555208206177,17.018877267837524,20.97057795524597
21.894181489944458,22.616227626800537,22.9831645488739
23.87602162361145,17.27445125579834,24.727884531021118
21.273200511932373,21.446128129959106,22.00800609588623
20.37100601196289,20.99798822402954,21.14081907272339
22.41240882873535,24.542078971862793,24.057690858840942
16.797281980514526,22.35597252845764,17.64388346672058
23.232409238815308,23.26460576057434,22.77044939994812
12.420794248580933,11.882025718688965,9.880889415740967
18.5740749835968,18.400319576263428,18.947218418121338
23.049097299575806,25.246404886245728,23.179559469223022
19.993094444274902,19.457345008850098,17.34157156944275
23.20680809020996,22.44912815093994,20.639174461364746
20.000650882720947,19.633347034454346,16.006839275360107
15.596481561660767,20.87029266357422,20.71548628807068
21.061761379241943,15.69298768043518,21.305728912353516
22.307193994522095,22.159290552139282,21.840364933013916
24.285051107406616,23.463418006896973,24.573049068450928
21.76126217842102,24.001251459121704,24.15168857574463
10.983992099761963,16.141802310943604,10.832249879837036
18.967384576797485,19.2974214553833,17.789379119873047
20.678785800933838,20.254396677017212,21.044326782226562
19.098336935043335,19.026813507080078,19.576308012008667
21.737934827804565,20.284850120544434,21.997493743896484
19.953401565551758,19.990968704223633,19.998775959014893
15.557065963745117,17.08576798439026,16.82617735862732
18.629024982452393,18.511373043060303,24.27326250076294
15.87840461730957,20.73188304901123,20.832370281219482
15.705313682556152,20.800427198410034,20.755803108215332
16.37589979171753,16.029896020889282,14.921741485595703
14.588529586791992,14.126258850097656,19.98314094543457
20.199665307998657,21.062289476394653,20.7835476398468
21.458066940307617,21.949135303497314,22.26029109954834
24.678794622421265,24.38797879219055,24.007602214813232
21.67569613456726,20.998956203460693,20.99774742126465
23.688844680786133,23.99960494041443,23.335712432861328
19.67076086997986,20.074060440063477,20.934301376342773
19.537333488464355,18.323044061660767,17.598185777664185
21.576695680618286,22.002349138259888,21.54353141784668
13.504783153533936,11.03109884262085,11.956507921218872
21.81961441040039,21.37969470024109,15.630057573318481
18.700815200805664,14.569414854049683,18.990196228027344
22.929614067077637,23.664187908172607,23.365489721298218
24.44112777709961,20.33625078201294,23.996426343917847
16.541945219039917,20.8163058757782,19.158642768859863
20.212475061416626,20.10112762451172,14.12012243270874
20.953588724136353,18.905017614364624,16.08620023727417
17.50145721435547,14.819242000579834,16.858193397521973
22.08888053894043,21.934610843658447,22.058670043945312
5.251920700073242,5.312940359115601,6.673306941986084
15.774242162704468,15.895116090774536,14.928158283233643
20.624738216400146,20.609261989593506,21.075205326080322
20.529987573623657,21.00194478034973,15.315429210662842
21.448387384414673,21.943735361099243,21.28195309638977
22.375616788864136,23.06970500946045,22.235954999923706
19.07487416267395,16.25413227081299,15.935769081115723
10.85712456703186,9.996249914169312,8.94577932357788
23.087555646896362,22.970824480056763,22.02230143547058
17.599740266799927,11.999720335006714,11.897164583206177
10.218104362487793,7.910096883773804,9.222366571426392
20.78410530090332,22.181544303894043,21.85949182510376
20.813721895217896,20.732667922973633,20.867440462112427
17.566882848739624,17.965643405914307,17.63040566444397
17.91814947128296,18.585938215255737,19.006685495376587
20.543892860412598,19.987119674682617,19.008458375930786
10.375256538391113,9.90757441520691,9.50518536567688
21.286903142929077,22.27378225326538,22.915261030197144
21.220128774642944,20.820958137512207,21.180078983306885
15.464496850967407,19.239974975585938,20.451152324676514
19.511905193328857,20.003236055374146,19.527368545532227
21.125666856765747,16.214751482009888,21.72944164276123
21.925110340118408,22.002622604370117,21.74970769882202
22.347262620925903,16.836869716644287,17.05739688873291
22.14583134651184,22.0003924369812,20.604591846466064
16.57500910758972,15.983879327774048,16.787835359573364
15.171786546707153,9.193564176559448,9.82833456993103
21.21766185760498,20.97949457168579,16.637950897216797
20.009594917297363,19.479587078094482,19.616450548171997
21.79399585723877,21.071628093719482,21.939266681671143
17.197174072265625,17.80952000617981,17.20677947998047
20.74756383895874,22.004698038101196,22.023151874542236
21.076602935791016,21.38852286338806,21.625035047531128
21.366140842437744,21.802868604660034,21.019829988479614
19.926448345184326,19.79626703262329,24.279122829437256
15.175729990005493,21.221567153930664,15.343630313873291
21.469883680343628,16.114415168762207,15.990653038024902
21.412446975708008,17.654521942138672,21.27575159072876
18.762580156326294,18.381311178207397,12.671859502792358
22.716575622558594,22.91196346282959,23.074943780899048
19.82080340385437,21.99990177154541,20.292951107025146
22.38797402381897,16.97867202758789,22.743213653564453
15.564547538757324,10.444595575332642,10.23698091506958
18.435094356536865,18.001328945159912,17.014662265777588
20.783053636550903,20.99641513824463,20.493399381637573
24.059574842453003,24.010417938232422,24.20009756088257
23.793854236602783,24.019635677337646,24.555137872695923
20.13997721672058,16.59452247619629,21.187482357025146
14.932226657867432,13.650633811950684,15.369468927383423
17.387571334838867,18.0316219329834,14.625212669372559
13.034298658370972,16.277501344680786,15.532181739807129
21.988226413726807,22.018060207366943,21.30493712425232
19.5636465549469,19.998387575149536,22.425337553024292
21.027986764907837,21.41936945915222,21.007343292236328
10.993257284164429,8.076457500457764,9.95398998260498
19.50810956954956,19.641731023788452,19.880757093429565
23.629392862319946,24.302743196487427,24.692099809646606
13.800673961639404,14.132068872451782,12.853903770446777
19.936626195907593,20.852357149124146,20.6898512840271
14.318413019180298,14.81107759475708,13.11682653427124
20.84091830253601,18.7144296169281,21.02004837989807
14.377091884613037,10.32103943824768,16.018290519714355
12.847375869750977,11.235586166381836,11.07616376876831
22.20765995979309,24.161643981933594,24.793400526046753
21.81105637550354,16.906087160110474,16.93635129928589
21.080155611038208,20.882706880569458,21.00112533569336
21.594686269760132,17.517440795898438,23.10364031791687
24.207257509231567,25.45025110244751,24.935502767562866
20.214205265045166,15.556846618652344,15.411890983581543
22.70486092567444,23.098050832748413,23.466191053390503
24.07160997390747,24.3074848651886,20.7966046333313
19.626973867416382,21.99114418029785,21.999346494674683
16.849510431289673,14.997308015823364,14.378809690475464
12.384850263595581,12.052374839782715,12.885033130645752
17.930468320846558,17.633472204208374,19.381084442138672
23.3435480594635,19.596853017807007,22.873454093933105
15.29564094543457,20.409263849258423,20.424125909805298
19.760905027389526,18.903286695480347,17.543966054916382
23.277997493743896,22.224122285842896,23.081532955169678
20.04379367828369,20.669023752212524,20.943635940551758
20.761436939239502,20.603583097457886,21.004807949066162
20.055051565170288,19.985188961029053,16.02124333381653
21.839251279830933,21.96585178375244,21.997190952301025
20.842968225479126,20.913986444473267,21.169065952301025
23.11626935005188,26.1709725856781,26.00796866416931
21.648700952529907,21.574228048324585,22.006376028060913
23.34485173225403,24.00127124786377,24.346648931503296
14.586023807525635,14.002142190933228,14.718952417373657
22.14900231361389,22.827758073806763,22.375605583190918
16.98932981491089,17.06413245201111,16.80719804763794
19.57685136795044,19.445213556289673,19.017205953598022
17.84225630760193,17.890709400177002,21.91231894493103
20.28781771659851,17.240725994110107,17.211260318756104
24.91536021232605,18.998490571975708,18.3840754032135
19.5841064453125,20.539101123809814,13.760189056396484
22.510600805282593,22.00288224220276,22.00333523750305
21.789588689804077,18.682169198989868,19.63595700263977
21.30490493774414,21.60164999961853,22.89021587371826
17.182609796524048,22.0162034034729,21.450578212738037
12.764381647109985,12.857691049575806,12.999648332595825
17.368508338928223,17.298545122146606,17.874499559402466
21.534838914871216,21.951626300811768,22.62449049949646
21.174513578414917,21.380316972732544,20.836941719055176
21.306301832199097,21.140244245529175,20.859758377075195
19.575435161590576,14.990127086639404,15.044590950012207
22.03345251083374,21.729132652282715,21.94495940208435
17.62517786026001,14.630553722381592,15.156712055206299
20.111725091934204,20.179648637771606,20.45743989944458
21.56985902786255,22.535109281539917,22.920563220977783
21.52103304862976,20.949813842773438,21.431803703308105
16.99133062362671,19.672313451766968,14.264795303344727
17.593637943267822,20.78182315826416,21.00026822090149
22.321290254592896,22.52850866317749,22.016499042510986
15.392293691635132,16.026463985443115,11.235758543014526
22.454291343688965,17.71938943862915,22.336263418197632
14.915530443191528,14.154996156692505,15.710517883300781
21.022774696350098,20.98930048942566,20.42618989944458
20.3931725025177,21.096022844314575,21.56846284866333
20.9473135471344,16.934606552124023,16.897613048553467
14.786458730697632,16.95690941810608,19.906028270721436
23.910840034484863,23.44115376472473,17.56624746322632
22.476715564727783,23.542553424835205,22.43833351135254
21.07890772819519,17.648986101150513,22.33011746406555
22.33568835258484,22.170934677124023,22.879484176635742
17.65836238861084,14.297749042510986,16.966793298721313
19.879793167114258,18.998608589172363,17.851680278778076
22.44297480583191,23.363692045211792,22.953131914138794
20.69158387184143,15.528110265731812,20.99401092529297
21.267922163009644,21.548232555389404,18.9995379447937
20.345590114593506,16.58943247795105,16.024171829223633
21.247113704681396,21.356125831604004,18.03669047355652
23.876717805862427,23.183912992477417,23.70083975791931
16.57059645652771,11.339025497436523,10.856669187545776
20.205750226974487,19.978408813476562,19.388686180114746
19.317305088043213,19.272719144821167,20.021615505218506
19.846730709075928,20.03219485282898,19.90824818611145
21.976548671722412,21.399039030075073,21.52820348739624
12.806679248809814,15.542809247970581,16.215856552124023
25.300740242004395,24.092111349105835,24.206977128982544
16.13673996925354,15.001543760299683,15.1485595703125
22.95946979522705,21.99872136116028,23.000170946121216
20.396633863449097,20.347136974334717,20.979772090911865
16.604251623153687,17.27149534225464,17.105671644210815
19.648681640625,19.440454721450806,14.619989395141602
20.653575897216797,20.99599575996399,15.11961841583252
18.44429326057434,17.998671531677246,15.213965892791748
21.295278072357178,21.573303937911987,20.963923692703247
20.621038913726807,16.830259323120117,16.178136110305786
19.8090717792511,16.82038903236389,19.010529279708862
14.013205528259277,18.926485061645508,15.706110000610352
6.392901659011841,5.916193723678589,6.128200054168701
15.062536478042603,15.199742794036865,19.739903688430786
18.519088983535767,22.148536920547485,22.308385372161865
24.042315244674683,23.998645305633545,23.997379302978516
17.25648307800293,11.948493003845215,14.631252527236938
23.08391785621643,22.9669988155365,23.695018768310547
22.394846439361572,22.000378847122192,18.622418642044067
16.9511935710907,18.04383873939514,17.057433605194092
16.229427814483643,16.973834991455078,21.412707567214966
22.097912788391113,15.510380029678345,16.487614631652832
23.205984354019165,23.325552940368652,23.02799129486084
8.774880170822144,8.611875534057617,8.41822099685669
18.848859786987305,25.191278219223022,24.935001134872437
22.907188177108765,23.516402006149292,21.00978422164917
21.887577533721924,21.970806121826172,21.738552808761597
19.464518308639526,14.456088066101074,14.363971948623657
17.438973665237427,11.695796728134155,17.837123155593872
14.781715869903564,17.99951148033142,18.09566330909729
22.370877027511597,21.80550789833069,20.766241312026978
22.874536275863647,20.001898527145386,20.242817640304565
23.625072956085205,23.99948477745056,23.430421829223633
21.907968282699585,23.251142978668213,23.56914710998535
16.701993227005005,17.651271104812622,17.001423835754395
19.383772373199463,21.079988956451416,19.181882858276367
17.79023575782776,17.048609256744385,17.960121393203735
21.971019983291626,21.962505340576172,21.95306420326233
20.182334184646606,20.51794171333313,20.99106454849243
14.30277132987976,14.512606859207153,14.6909658908844
17.771003007888794,17.681598663330078,20.08950114250183
21.210553646087646,15.631432056427002,15.634312868118286
18.78757071495056,19.265856742858887,18.992477893829346
18.09328055381775,23.324734210968018,18.476571798324585
17.24139094352722,18.848726272583008,18.634907960891724
6.360100507736206,6.150379180908203,5.639366149902344
24.013884782791138,24.60154104232788,23.076841354370117
18.838855028152466,16.465537786483765,18.999908447265625
20.00408959388733,20.421422004699707,19.76942777633667
10.975632429122925,9.857553243637085,12.441781520843506
17.471558570861816,16.99954319000244,15.241592645645142
19.225139617919922,19.16247844696045,15.984941005706787
15.187726497650146,16.12550377845764,13.135586023330688
18.068082809448242,15.532864332199097,13.000799179077148
15.991419315338135,19.592432260513306,19.466805458068848
16.529932975769043,20.09562110900879,14.410676002502441
18.30177617073059,18.04761242866516,14.823340892791748
22.681424379348755,21.683086395263672,22.654472589492798
20.005269050598145,16.438605070114136,14.03690767288208
20.7101788520813,17.62058663368225,18.2725088596344
15.854228973388672,17.9955472946167,16.05551815032959
15.550056219100952,19.968402862548828,15.336886405944824
15.081962823867798,15.803582906723022,15.999424457550049
16.201029300689697,16.190134286880493,16.907097339630127
20.430122137069702,20.82892870903015,21.000255823135376
19.572489500045776,17.969769954681396,20.335195779800415
9.091211795806885,12.320624589920044,12.062191724777222
20.4313383102417,20.759958505630493,20.97663426399231
16.989912748336792,18.006849765777588,16.9765841960907
22.747025966644287,23.572720289230347,23.999784469604492
20.626006841659546,20.417550086975098,15.000679731369019
20.466354846954346,20.00232195854187,21.019509077072144
20.32171607017517,20.442114114761353,20.038626432418823
20.715736627578735,20.811737060546875,21.18051028251648
24.035506010055542,24.072842836380005,23.827874183654785
14.930352449417114,11.026491165161133,10.98435091972351
20.969463109970093,20.57298731803894,15.59910535812378
9.175439596176147,9.130135774612427,9.120716571807861
20.508614540100098,16.821082592010498,21.17309021949768
15.267431497573853,14.46784234046936,14.203240394592285
22.35118269920349,21.520885705947876,20.93431568145752
21.35184669494629,20.357301950454712,20.84066891670227
16.753939867019653,18.110734462738037,21.833465814590454
22.487708806991577,23.68186640739441,23.743865489959717
21.895180702209473,17.329537630081177,16.95961356163025
20.45788860321045,20.820720434188843,20.971437215805054
20.002131938934326,20.571905851364136,20.135483741760254
16.103294372558594,21.30570149421692,20.997543573379517
21.699795484542847,20.105902194976807,20.3031108379364
15.757446527481079,21.46906614303589,16.571805715560913
12.519408702850342,16.313246726989746,17.214423656463623
21.82672691345215,22.72799515724182,21.970482110977173
20.654773235321045,20.90164828300476,20.759451389312744
11.30811882019043,10.676544189453125,11.149158477783203
15.538745641708374,14.047940254211426,14.975421905517578
15.109134912490845,14.965553283691406,12.087844848632812
20.464512825012207,20.436440467834473,20.01974391937256
19.901804447174072,22.699177742004395,18.003778219223022
18.758427143096924,18.755011081695557,17.269928216934204
20.328015565872192,20.19287610054016,20.022830963134766
20.682008743286133,20.993674993515015,15.789124965667725
21.737154245376587,21.728588342666626,22.011720180511475
14.373428106307983,15.450900077819824,16.761415243148804
21.135053873062134,20.83695697784424,15.893999814987183
20.874988079071045,21.01441740989685,21.989596128463745
22.96997833251953,26.016650199890137,23.999534368515015
22.008323431015015,22.000627279281616,22.001688957214355
20.984638452529907,21.97020196914673,22.465329885482788
17.496626377105713,18.758558750152588,19.161163806915283
18.820289134979248,15.817248821258545,18.925950050354004
16.97553515434265,17.00004553794861,13.238004922866821
14.303476095199585,9.666465044021606,15.222760438919067
21.74367642402649,21.70342707633972,24.519168615341187
15.436614036560059,15.69879698753357,15.474875450134277
21.81642508506775,21.402719736099243,21.071869373321533
15.62999415397644,14.975643873214722,16.797667741775513
19.930705547332764,19.45583987236023,14.745139122009277
19.389286279678345,18.889216423034668,23.307058095932007
20.043594121932983,20.001333475112915,20.144131898880005
14.829743385314941,14.999393224716187,13.555370330810547
19.97310185432434,19.96841835975647,14.871017456054688
20.698472261428833,20.733742475509644,21.003339767456055
15.507497549057007,16.010595083236694,20.383245944976807
17.4170401096344,17.351364612579346,23.901362657546997
14.836050748825073,19.9635910987854,21.003535985946655
18.95238971710205,20.03972029685974,23.831555366516113
17.566728353500366,13.876472473144531,17.262952089309692
21.76061177253723,22.09917974472046,21.612657070159912
19.441987991333008,19.056296825408936,21.859083890914917
21.858669757843018,16.238279581069946,16.81052803993225
15.75644564628601,14.745548725128174,15.055933237075806
20.890950202941895,15.778989315032959,14.980871438980103
16.17079257965088,20.340054273605347,19.97066068649292
18.189867973327637,14.582263708114624,18.114060878753662
17.560242176055908,20.24400520324707,20.57267999649048
16.602999448776245,15.04988956451416,16.377789735794067
9.675360679626465,13.000396013259888,12.315017461776733
20.794525384902954,15.01251769065857,20.98714327812195
21.478517055511475,17.001060247421265,20.997994661331177
12.656026601791382,14.637382745742798,15.090543985366821
19.76275324821472,15.998618125915527,16.00118899345398
21.69548726081848,21.001303911209106,20.998956203460693
15.347160339355469,21.01360273361206,17.931220531463623
15.681423902511597,16.063174962997437,20.115933656692505
17.421356916427612,23.657390117645264,23.38723874092102
18.421964406967163,20.734317541122437,18.88098406791687
15.786734819412231,19.59686279296875,19.093850135803223
24.668922424316406,20.771653652191162,18.953874826431274
22.33080744743347,22.186010599136353,21.22539520263672
23.69126009941101,23.015941858291626,22.529834985733032
16.530044078826904,16.005120992660522,16.09064483642578
20.99522876739502,21.0004563331604,14.996363401412964
16.587798595428467,21.373520851135254,22.000927448272705
20.430918216705322,18.651620149612427,20.914788246154785
21.437026023864746,20.920568704605103,16.80171513557434
14.863694906234741,14.893964290618896,16.016769647598267
19.8582284450531,13.998355627059937,17.4719021320343
20.631675958633423,21.617865562438965,21.328829288482666
18.557852506637573,23.54821252822876,18.226221323013306
25.19896364212036,17.799371480941772,25.152154684066772
19.602699041366577,19.857606410980225,19.894606590270996
11.247710466384888,12.867745637893677,13.125928163528442
21.422720432281494,22.696964979171753,21.999707460403442
19.783735990524292,19.937983989715576,19.963475942611694
16.030505180358887,20.182859659194946,20.56316328048706
10.309247970581055,10.142558813095093,10.25027585029602
21.281424283981323,21.00837278366089,16.038230657577515
23.586388111114502,23.152005672454834,23.615806579589844
15.79157280921936,16.645691871643066,20.999593019485474
24.026889324188232,23.886988639831543,24.5033061504364
12.596800327301025,12.914517164230347,12.96593427658081
22.438718795776367,21.987409353256226,22.104645252227783
20.08208966255188,14.012882471084595,15.531387090682983
20.287989854812622,21.540837049484253,21.45387053489685
15.957778930664062,10.614627599716187,15.350736618041992
23.43501114845276,23.02742099761963,23.07211995124817
20.544150829315186,22.942409992218018,21.277005910873413
23.726894855499268,19.890596866607666,19.435580253601074
20.341865301132202,23.40010380744934,22.997855186462402
15.21289587020874,13.57797384262085,9.113800764083862
23.9622220993042,24.19988179206848,24.543150424957275
19.91284680366516,20.04887843132019,20.014569520950317
20.013331651687622,20.99807834625244,16.996800422668457
20.66624116897583,21.955310583114624,21.89427924156189
14.356949806213379,14.15676212310791,13.810657739639282
19.811434745788574,16.321210622787476,19.83789849281311
17.867518663406372,17.47179913520813,12.709768533706665
12.103458642959595,11.00035548210144,13.095448732376099
20.69038152694702,22.235044717788696,20.8724684715271
18.989545822143555,15.162411451339722,19.302369117736816
21.189255237579346,21.307778120040894,20.58395528793335
16.328627586364746,16.011188983917236,20.991676568984985
22.158770084381104,22.888630390167236,18.924421310424805
15.862771034240723,22.080339670181274,21.677252054214478
21.141072273254395,17.08110547065735,21.61674737930298
19.24905300140381,20.687636137008667,21.292561054229736
23.317973613739014,18.187530994415283,18.911709547042847
16.435752868652344,21.537814378738403,21.371535539627075
15.269380569458008,16.762410402297974,16.906055212020874
18.69358777999878,19.501723766326904,23.00239372253418
19.17696499824524,18.94109010696411,14.997148036956787
18.66554069519043,20.452853202819824,19.60457944869995
19.75191831588745,20.233218908309937,20.510587692260742
21.704385995864868,18.363564252853394,21.729207038879395
21.490829944610596,16.29962396621704,16.661340713500977
16.8191180229187,16.629204034805298,20.348725080490112
21.48381805419922,20.924141883850098,21.660256147384644
20.99056315422058,20.9920494556427,21.014572858810425
20.863222122192383,20.452138423919678,20.56434726715088
15.89498233795166,15.694616794586182,11.565701723098755
12.30356240272522,12.224597692489624,12.393333673477173
20.097227573394775,20.544045209884644,20.99567461013794
